relative_time,AccX,AccY,AccZ,BarometerSensor
0,-0.0143701171875,0.14594650268554688,9.525292053222657,971.0012054443359
64,0.238304443359375,0.6725514221191407,8.837771759033204,971.0012054443359
130,0.2327659606933594,1.1416758728027345,8.530460815429688,971.0038757324219
199,0.6626719665527344,1.1552975463867188,10.488838348388672,971.0038757324219
265,0.4731660461425781,0.9904902648925782,10.540480957031251,971.0038757324219
331,0.10612930297851562,0.7650590515136719,11.327544250488282,971.0038757324219
398,-0.335302734375,-0.19055374145507814,10.883118438720704,971.0038757324219
465,1.1909234619140625,-0.44068359375000005,8.903784484863282,971.0038757324219
532,1.6194822692871094,-0.4113446044921875,8.877588958740235,971.0038757324219
597,0.5298980712890625,-0.5900729370117188,9.135652313232422,971.0038757324219
664,-0.31329849243164065,-0.2900967407226563,9.991123352050781,971.0038757324219
731,0.25836273193359377,0.032183074951171876,8.35577407836914,971.0038757324219
798,-1.315913543701172,0.6629713439941407,8.663085021972657,971.0038757324219
864,-0.8852590942382813,0.2743794250488281,9.557774505615235,971.0038757324219
931,-1.308728485107422,1.0554551696777343,8.732989654541017,971.0038757324219
997,-0.29758117675781254,1.5203883361816406,9.76973373413086,971.0038757324219
1063,-0.5662724304199219,2.412084045410156,10.398276672363282,971.0038757324219
1130,-0.1776805114746094,1.4934443664550783,9.83963836669922,971.0038757324219
1197,-0.31629226684570316,1.4503340148925783,10.753488006591798,971.0054779052734
1264,-0.9565109252929688,1.4591656494140626,9.47799041748047,971.0054779052734
1330,-0.44577301025390625,0.5701643371582031,9.561965789794922,971.0054779052734
1397,-0.6379733276367188,0.09280700683593751,9.283395080566407,971.0054779052734
1464,0.12244537353515626,-0.8149053955078125,9.034911804199218,971.0054779052734
1530,-0.36134857177734375,-0.12259506225585938,9.585017852783203,971.0054779052734
1597,-1.4816189575195313,-0.07903564453125,9.263935546875,971.0054779052734
1664,-0.7057823181152344,0.022303619384765626,8.989855499267579,971.0054779052734
1730,-1.1346405029296875,0.7062313842773438,8.287366333007814,971.0054779052734
1797,-0.10253677368164063,0.4740641784667969,7.3991134643554695,971.0054779052734
1864,-1.2527449035644531,0.40430923461914064,6.999893646240235,971.0054779052734
1930,-1.0934761047363282,-0.6965016174316406,8.418343963623048,971.0054779052734
1996,-0.7000941467285157,-0.1035845947265625,8.360414428710937,971.0054779052734
2064,-0.8122109985351563,-0.336500244140625,9.49191146850586,971.0054779052734
2130,-1.3066328430175782,0.17333953857421877,8.704698486328125,971.0054779052734
2197,-0.6973997497558594,0.9608518981933595,10.161918182373048,971.0054779052734
2264,-0.572259979248047,0.9297166442871094,9.342821502685547,971.005859375
2330,-1.0150392150878906,0.7743397521972657,9.809700622558594,971.005859375
2397,0.5590873718261719,0.6626719665527344,10.183473358154297,971.005859375
2464,0.3020718383789063,-0.40505767822265626,10.035431213378907,971.005859375
2530,-0.19474502563476564,-0.41448806762695317,11.89172103881836,971.005859375
2597,0.08846603393554688,-1.8419197082519532,11.483519897460939,971.005859375
2664,-0.2347119140625,-1.6961228942871094,11.424542541503907,971.005859375
2730,-0.4739144897460938,-2.6994863891601564,11.121123504638673,971.005859375
2797,-0.3742218017578125,-0.5249583435058593,13.037588195800781,971.005859375
2864,-0.2549198913574219,0.27722351074218754,11.725117492675782,971.005859375
2930,0.2860551452636719,0.6261479187011719,12.989388427734376,971.005859375
2997,-0.7276368713378907,-1.0324031066894532,11.588900756835939,971.005859375
3064,0.4667294311523438,-0.34757720947265625,10.439590759277344,971.005859375
3130,-0.10014175415039063,-1.1505075073242188,7.721842346191407,971.005859375
3196,-1.1082952880859376,-0.4206253051757813,8.209528198242188,971.005859375
3264,1.041534118652344,0.37437149047851564,10.02405487060547,971.005859375
3330,-1.8455122375488282,-0.12049942016601563,11.244616699218751,971.0062408447266
3397,-1.7922230529785157,0.10672805786132813,8.274642791748047,971.0062408447266
3464,-0.4596940612792969,-0.06750961303710938,5.904920654296875,971.0062408447266
3530,-0.19594253540039064,2.558030548095703,9.012757873535156,971.0062408447266
3597,0.20312759399414063,4.318818969726562,11.401789855957032,971.0062408447266
3664,-1.4820680236816406,1.3558804321289064,9.63995361328125,971.0062408447266
3730,-0.35221755981445313,1.6317567443847658,9.597891082763672,971.0062408447266
3797,1.0702743530273438,0.0640667724609375,12.065958709716798,971.0062408447266
3864,-0.9470805358886719,-1.157991943359375,8.694369964599609,971.0062408447266
3930,0.8331674194335938,-0.9885443115234376,9.87661148071289,971.0062408447266
3997,-0.10448272705078125,0.4782554626464844,9.237740020751954,971.0062408447266
4064,1.7646803283691408,-1.1156300354003907,10.096204833984375,971.0062408447266
4130,0.6959028625488282,-0.18531463623046876,10.301577758789064,971.0062408447266
4196,0.047900390625000004,0.17468673706054688,9.834548950195312,971.0062408447266
4264,0.037721557617187505,0.16510665893554688,9.791588287353516,971.0062408447266
4330,0.048648834228515625,0.15552658081054688,9.79892303466797,971.0062408447266
4397,0.040415954589843754,0.16016693115234376,9.802066497802734,971.0232543945312
4464,0.048648834228515625,0.192799072265625,9.80131805419922,971.0232543945312
4530,0.08457412719726563,0.18067428588867188,9.809251556396484,971.0232543945312
4596,0.031734008789062504,0.16899856567382812,9.847272491455078,971.0232543945312
4664,0.026494903564453127,0.16600479125976564,9.829309844970703,971.0232543945312
4730,0.019609222412109377,0.16061599731445314,9.790390777587891,971.0232543945312
4797,0.061372375488281256,0.18935623168945315,9.808353424072266,971.0232543945312
4864,0.06062393188476563,0.18770965576171875,9.832602996826173,971.0232543945312
4930,0.045056304931640624,0.17618362426757814,9.809251556396484,971.0232543945312
4997,0.032183074951171876,0.15432907104492188,9.796228637695313,971.0232543945312
5064,0.027542724609375003,0.15432907104492188,9.80955093383789,971.0232543945312
5130,0.03427871704101563,0.17917739868164062,9.806557159423829,971.0232543945312
5197,0.030985565185546876,0.1884580993652344,9.819879455566406,971.0232543945312
5264,0.04924758911132813,0.17857864379882812,9.819131011962892,971.0232543945312
5330,0.04340972900390625,0.17259109497070313,9.781110076904298,971.0232543945312
5397,0.05942642211914063,0.21555175781250002,9.801467742919922,971.0232543945312
5463,0.041912841796875,0.17393829345703127,9.825867004394532,971.0232543945312
5530,0.05059478759765625,0.17034576416015626,9.803413696289063,971.0441589355469
5597,0.039966888427734375,0.16076568603515626,9.817933502197267,971.0441589355469
5664,0.016914825439453125,0.16316070556640624,9.79607894897461,971.0441589355469
5730,0.038769378662109374,0.19040405273437502,9.817484436035157,971.0441589355469
5797,0.0293389892578125,0.15298187255859375,9.801767120361328,971.0441589355469
5864,0.009131011962890626,0.13382171630859377,9.81568817138672,971.0441589355469
5930,0.054636383056640626,0.14385086059570312,9.797875213623048,971.0441589355469
5997,0.037272491455078126,0.18276992797851563,9.806706848144533,971.0441589355469
6064,0.043559417724609376,0.1922003173828125,9.804910583496094,971.0441589355469
6130,0.06062393188476563,0.1782792663574219,9.81044906616211,971.0441589355469
6197,0.052241363525390626,0.159268798828125,9.804611206054688,971.0441589355469
6264,0.03817062377929688,0.17019607543945314,9.830806732177734,971.0441589355469
6330,0.03592529296875,0.17034576416015626,9.795929260253907,971.0441589355469
6397,0.052241363525390626,0.1633103942871094,9.824669494628907,971.0441589355469
6464,0.030386810302734376,0.16555572509765626,9.848919067382813,971.0441589355469
6530,0.03577560424804688,0.17678237915039063,9.781110076904298,971.0441589355469
6597,0.044756927490234376,0.1531315612792969,9.801018676757813,971.0677337646484
6664,0.039966888427734375,0.16435821533203127,9.804611206054688,971.0677337646484
6730,0.0580792236328125,0.178428955078125,9.824968872070313,971.0677337646484
6797,0.035176849365234374,0.15103591918945314,9.81673599243164,971.0677337646484
6864,0.018262023925781252,0.17139358520507814,9.833201751708986,971.0677337646484
6930,0.045056304931640624,0.20312759399414063,9.791588287353516,971.0677337646484
6997,0.03427871704101563,0.1621128845214844,9.820328521728516,971.0677337646484
7064,0.050295410156250005,0.18561401367187502,9.82392105102539,971.0677337646484
7130,0.06346801757812501,0.15432907104492188,9.818681945800781,971.0677337646484
7197,0.019908599853515625,0.16420852661132812,9.789193267822267,971.0677337646484
7266,0.0413140869140625,0.17977615356445314,9.784253540039064,971.0677337646484
7330,0.025147705078125002,0.2082170104980469,9.80131805419922,971.0677337646484
7399,0.0664617919921875,0.1742376708984375,9.809401245117188,971.0677337646484
7466,0.09041198730468751,0.16450790405273438,9.816286926269532,971.0677337646484
7530,0.054187316894531254,0.15971786499023438,9.821526031494141,971.0677337646484
7599,0.029937744140625,0.16435821533203127,9.83439926147461,971.0677337646484
7666,0.018711090087890625,0.1742376708984375,9.781110076904298,971.0891723632812
7732,0.045056304931640624,0.18696121215820313,9.807006225585939,971.0891723632812
7798,0.05059478759765625,0.18636245727539064,9.835746459960937,971.0891723632812
7865,0.04146377563476563,0.13097763061523438,9.797126770019531,971.0891723632812
7931,0.06182144165039063,0.17169296264648437,9.782457275390625,971.0891723632812
7997,0.06182144165039063,0.204774169921875,9.829459533691407,971.0891723632812
8064,0.0149688720703125,0.17603393554687502,9.81134719848633,971.0891723632812
8131,0.07514373779296875,0.19115249633789064,9.787247314453126,971.0891723632812
8197,0.05748046875,0.17094451904296876,9.805060272216798,971.0891723632812
8264,0.05313949584960938,0.1550775146484375,9.804311828613281,971.0891723632812
8331,0.038020935058593754,0.16241226196289063,9.82526824951172,971.0891723632812
8397,0.0520916748046875,0.17199234008789063,9.814041595458985,971.0891723632812
8464,0.02305206298828125,0.18172210693359375,9.812694396972656,971.0891723632812
8530,0.06975494384765625,0.14923965454101562,9.810598754882813,971.0891723632812
8597,0.025746459960937502,0.16735198974609375,9.80326400756836,971.0891723632812
8664,0.03817062377929688,0.18127304077148437,9.774673461914062,971.0891723632812
8730,0.02125579833984375,0.1980381774902344,9.825867004394532,971.1106109619141
8797,0.054636383056640626,0.17932708740234377,9.809251556396484,971.1106109619141
8864,0.0520916748046875,0.17318984985351563,9.812694396972656,971.1106109619141
8930,0.03397933959960937,0.17962646484375,9.795480194091798,971.1106109619141
8997,0.020806732177734377,0.17573455810546876,9.810598754882813,971.1106109619141
9064,0.053887939453125006,0.19055374145507814,9.807604980468751,971.1106109619141
9130,0.052989807128906254,0.18291961669921875,9.818831634521485,971.1106109619141
9197,0.02245330810546875,0.15358062744140627,9.82287322998047,971.1106109619141
9263,0.027542724609375003,0.17184265136718752,9.827363891601562,971.1106109619141
9330,0.0664617919921875,0.17603393554687502,9.807305603027345,971.1106109619141
9397,0.022902374267578126,0.18291961669921875,9.806557159423829,971.1106109619141
9464,0.03562591552734375,0.19564315795898438,9.802515563964844,971.1106109619141
9530,0.045505371093750004,0.16256195068359375,9.819280700683594,971.1106109619141
9597,0.039667510986328126,0.16241226196289063,9.800419921875001,971.1106109619141
9664,0.038020935058593754,0.16121475219726564,9.783505096435547,971.1106109619141
9730,0.000149688720703125,0.17109420776367187,9.808652801513672,971.1106109619141
9796,0.05673202514648438,0.18830841064453127,9.807155914306641,971.1179351806641
9864,0.0544866943359375,0.18336868286132812,9.820478210449219,971.1179351806641
9930,0.029189300537109376,0.15582595825195314,9.828112335205079,971.1179351806641
9997,0.038020935058593754,0.15088623046875002,9.790540466308594,971.1179351806641
10064,0.035326538085937505,0.17932708740234377,9.79607894897461,971.1179351806641
10130,0.03323089599609375,0.17214202880859375,9.820478210449219,971.1179351806641
10197,0.0484991455078125,0.17992584228515626,9.817334747314453,971.1179351806641
10264,0.023800506591796878,0.17169296264648437,9.808802490234376,971.1179351806641
10330,0.04999603271484375,0.15567626953125,9.817334747314453,971.1179351806641
10397,0.03502716064453125,0.16420852661132812,9.807006225585939,971.1179351806641
10464,0.05119354248046875,0.16375946044921877,9.785451049804688,971.1179351806641
10530,0.02963836669921875,0.18067428588867188,9.814340972900391,971.1179351806641
10597,0.05179229736328125,0.19654129028320313,9.818382568359375,971.1179351806641
10664,0.034877471923828125,0.1782792663574219,9.79847396850586,971.1179351806641
10730,0.0592767333984375,0.16615447998046876,9.800419921875001,971.1179351806641
10796,0.000449066162109375,0.1722917175292969,9.828411712646485,971.1179351806641
10864,0.06197113037109375,0.19908599853515627,9.799222412109376,971.1179351806641
10930,0.04805007934570313,0.19429595947265627,9.818083190917969,971.1179351806641
10997,0.047601013183593756,0.164058837890625,9.813891906738283,971.1179351806641
11064,0.039966888427734375,0.17184265136718752,9.814490661621095,971.1179351806641
11130,0.03263214111328125,0.15208374023437501,9.812245330810548,971.1179351806641
11197,0.03667373657226563,0.16600479125976564,9.812694396972656,971.1179351806641
11264,0.035326538085937505,0.17887802124023439,9.796977081298829,971.1179351806641
11330,0.0568817138671875,0.1872605895996094,9.796378326416017,971.1179351806641
11397,0.047151947021484376,0.16181350708007813,9.795480194091798,971.1179351806641
11464,0.021106109619140626,0.16241226196289063,9.818083190917969,971.1179351806641
11530,0.03427871704101563,0.1872605895996094,9.811496887207031,971.1179351806641
11597,0.04176315307617188,0.16929794311523438,9.807305603027345,971.1179351806641
11664,0.047151947021484376,0.1627116394042969,9.80416213989258,971.1179351806641
11729,0.038769378662109374,0.15941848754882812,9.820178833007812,971.1179351806641
11797,0.057330780029296875,0.17169296264648437,9.789642333984375,971.1179351806641
11864,0.03143463134765625,0.17274078369140625,9.806407470703126,971.1179351806641
11930,0.04535568237304688,0.1598675537109375,9.81763412475586,971.1109161376953
11997,0.03143463134765625,0.15567626953125,9.820178833007812,971.1109161376953
12064,0.043858795166015624,0.1669029235839844,9.79278579711914,971.1109161376953
12130,0.057779846191406255,0.18755996704101563,9.809850311279297,971.1109161376953
12197,0.05313949584960938,0.16585510253906252,9.81134719848633,971.1109161376953
12264,0.029488677978515627,0.18426681518554688,9.798324279785156,971.1109161376953
12330,0.03263214111328125,0.1682501220703125,9.824220428466797,971.1109161376953
12396,0.03906875610351563,0.16046630859375,9.825417938232423,971.1109161376953
12464,0.048648834228515625,0.1802252197265625,9.798623657226562,971.1109161376953
12530,0.04146377563476563,0.16780105590820313,9.82242416381836,971.1109161376953
12597,0.028590545654296876,0.15837066650390627,9.807904357910157,971.1109161376953
12664,0.044307861328125,0.1646575927734375,9.79892303466797,971.1109161376953
12730,0.047451324462890625,0.17648300170898437,9.776469726562501,971.1109161376953
12797,0.05179229736328125,0.1598675537109375,9.751621398925781,971.1109161376953
12863,0.021405487060546877,0.17438735961914065,9.689949645996094,971.1109161376953
12929,0.037721557617187505,0.17214202880859375,9.660311279296875,971.1109161376953
12997,0.0413140869140625,0.17109420776367187,9.668244781494142,971.1006927490234
13064,0.06122268676757813,0.1818717956542969,9.588909759521485,971.1006927490234
13129,0.039517822265625,0.16390914916992189,9.549990692138673,971.1006927490234
13196,0.04221221923828125,0.16091537475585938,9.506131896972656,971.1006927490234
13264,0.03502716064453125,0.15343093872070312,9.461674346923829,971.1006927490234
13330,0.02784210205078125,0.17753082275390625,9.389823760986328,971.1006927490234
13397,0.05014572143554688,0.17558486938476564,9.370364227294923,971.1006927490234
13464,0.037721557617187505,0.15837066650390627,9.301956481933594,971.1006927490234
13530,0.04326004028320313,0.14639556884765625,9.264683990478517,971.1006927490234
13597,0.053738250732421874,0.15492782592773438,9.275760955810547,971.1006927490234
13664,0.030686187744140628,0.15073654174804688,9.252110137939454,971.1006927490234
13730,0.05239105224609375,0.16136444091796875,9.219328308105469,971.1006927490234
13797,0.0580792236328125,0.15971786499023438,9.086105346679688,971.1006927490234
13864,0.04580474853515625,0.1477427673339844,9.099277954101563,971.1006927490234
13930,0.034727783203125,0.15537689208984376,9.105714569091797,971.1006927490234
13997,0.03323089599609375,0.1598675537109375,9.053622894287109,971.1006927490234
14064,0.02245330810546875,0.14160552978515625,8.983269195556641,971.0907745361328
14129,0.04296066284179688,0.1407073974609375,8.973389739990235,971.0907745361328
14197,0.04819976806640625,0.15223342895507813,8.90752670288086,971.0907745361328
14264,0.041613464355468754,0.16735198974609375,8.87309829711914,971.0907745361328
14330,0.0473016357421875,0.15687377929687502,8.863967285156251,971.0907745361328
14396,0.03188369750976563,0.15612533569335937,8.821904754638672,971.0907745361328
14464,0.04146377563476563,0.16480728149414064,8.819809112548828,971.0907745361328
14530,0.0556842041015625,0.1375639343261719,8.800948333740235,971.0907745361328
14597,0.04939727783203125,0.15657440185546875,8.801996154785156,971.0907745361328
14664,0.05912704467773438,0.13995895385742188,8.823551330566406,971.0907745361328
14730,0.051043853759765626,0.15148498535156252,8.790919189453126,971.0907745361328
14797,0.05074447631835938,0.16016693115234376,8.804840240478516,971.0907745361328
14865,0.04146377563476563,0.14998809814453126,8.766819305419922,971.0907745361328
14930,0.015567626953125,0.13696517944335937,8.747808837890625,971.0907745361328
14998,0.04834945678710938,0.15223342895507813,8.788823547363283,971.0907745361328
15064,0.05284011840820313,0.1824705505371094,8.803942108154297,971.0907745361328
15130,0.055384826660156254,0.18007553100585938,8.798703002929688,971.0907745361328
15199,0.03787124633789063,0.17064514160156252,8.809779968261719,971.0903167724609
15265,0.014070739746093752,0.15911911010742188,8.877139892578125,971.0903167724609
15331,0.02305206298828125,0.15163467407226563,8.861272888183594,971.0903167724609
15398,0.010777587890625,0.1484912109375,8.810229034423829,971.0903167724609
15465,0.028740234375,0.16076568603515626,8.804091796875001,971.0903167724609
15531,0.07574249267578126,0.16615447998046876,8.80454086303711,971.0903167724609
15598,0.0484991455078125,0.13247451782226563,8.7993017578125,971.0903167724609
15664,0.013771362304687501,0.11870315551757814,8.820557556152345,971.0903167724609
15731,0.06616241455078126,0.13980926513671876,8.80169677734375,971.0903167724609
15797,0.04999603271484375,0.17633331298828125,8.800948333740235,971.0903167724609
15864,0.05643264770507813,0.18112335205078126,8.823102264404298,971.0903167724609
15931,0.036524047851562505,0.12558883666992188,8.799900512695313,971.0903167724609
15997,0.07140151977539062,0.149688720703125,8.79017074584961,971.0903167724609
16064,0.0401165771484375,0.14534774780273438,8.797954559326172,971.0903167724609
16129,0.022752685546875002,0.11256591796875001,8.818162536621093,971.0903167724609
16197,0.06122268676757813,0.1490899658203125,8.800798645019531,971.0903167724609
16264,0.04999603271484375,0.15911911010742188,8.826245727539064,971.0903167724609
16330,0.09849517822265626,0.18681152343750002,8.827892303466797,971.0903167724609
16397,0.033679962158203125,0.14894027709960939,8.778045959472657,971.0903167724609
16464,0.00808319091796875,0.11421249389648438,8.788524169921875,971.0903167724609
16530,0.05718109130859375,0.1598675537109375,8.845555572509767,971.0903167724609
16597,0.04460723876953125,0.19145187377929687,8.826994171142578,971.0903167724609
16664,0.054935760498046875,0.13741424560546875,8.8184619140625,971.0903167724609
16730,0.04326004028320313,0.14175521850585937,8.812773742675782,971.0903167724609
16797,0.020806732177734377,0.17738113403320313,8.818012847900391,971.0903167724609
16864,0.06511459350585938,0.17588424682617188,8.796307983398439,971.0903167724609
16929,0.03323089599609375,0.13397140502929689,8.8088818359375,971.0903167724609
16997,0.03742218017578125,0.1531315612792969,8.795409851074218,971.0903167724609
17064,0.0335302734375,0.1742376708984375,8.788973236083985,971.0903167724609
17130,0.024548950195312502,0.13741424560546875,8.780890045166016,971.0903167724609
17197,0.032183074951171876,0.11481124877929688,8.799451446533203,971.0903167724609
17264,0.07065307617187501,0.14055770874023438,8.805738372802734,971.0903167724609
17329,0.022303619384765626,0.15567626953125,8.821006622314453,971.1426544189453
17397,0.05643264770507813,0.15193405151367187,8.858279113769532,971.1426544189453
17464,0.0173638916015625,0.18157241821289063,8.849746856689453,971.1426544189453
17530,0.061671752929687504,0.1980381774902344,8.860225067138673,971.1426544189453
17597,0.06361770629882812,0.15762222290039063,8.783135375976563,971.1426544189453
17664,0.034727783203125,0.17678237915039063,8.81457000732422,971.1426544189453
17729,0.07229965209960938,0.15657440185546875,8.846453704833985,971.1426544189453
17797,0.024698638916015626,0.13711486816406251,8.806935882568359,971.1426544189453
17863,0.030985565185546876,0.1694476318359375,8.822054443359375,971.1426544189453
17929,0.04879852294921875,0.14923965454101562,8.80603775024414,971.1426544189453
17997,0.018112335205078125,0.14175521850585937,8.81172592163086,971.1426544189453
18064,0.05164260864257813,0.1627116394042969,8.798703002929688,971.1426544189453
18129,0.05239105224609375,0.14639556884765625,8.768465881347657,971.1426544189453
18197,0.030985565185546876,0.11645782470703125,8.799601135253907,971.1426544189453
18264,0.07589218139648438,0.1824705505371094,8.83043701171875,971.1426544189453
18329,0.086220703125,0.13861175537109377,8.832382965087891,971.1426544189453
18397,0.021405487060546877,0.137713623046875,8.853489074707031,971.2575531005859
18464,0.02005828857421875,0.17558486938476564,8.810378723144531,971.2575531005859
18529,0.025746459960937502,0.17139358520507814,8.812773742675782,971.2575531005859
18597,0.026195526123046875,0.1824705505371094,8.772657165527344,971.2575531005859
18664,0.026195526123046875,0.1681004333496094,8.77729751586914,971.2575531005859
18729,0.04071533203125,0.08637039184570312,8.797206115722657,971.2575531005859
18796,0.07110214233398438,0.12633728027343752,8.830287322998048,971.2575531005859
18864,0.024998016357421875,0.11705657958984375,8.81606689453125,971.2575531005859
18929,0.07993377685546875,0.13801300048828125,8.827443237304688,971.2575531005859
18997,0.03697311401367188,0.14205459594726563,8.760831756591797,971.2575531005859
19064,0.09969268798828125,0.20851638793945312,8.822204132080078,971.2575531005859
19129,0.0718505859375,0.1730401611328125,8.848100280761718,971.2575531005859
19197,0.0461041259765625,0.21136047363281252,8.80648681640625,971.2575531005859
19264,0.042361907958984375,0.17977615356445314,8.810827789306641,971.2575531005859
19329,0.06077362060546875,0.17214202880859375,8.810079345703125,971.2575531005859
19397,0.02245330810546875,0.14519805908203126,8.81936004638672,971.2575531005859
19464,-0.00209564208984375,0.11166778564453125,8.81172592163086,971.4533233642578
19529,0.04206253051757813,0.12289443969726563,8.809480590820312,971.4533233642578
19597,-0.004340972900390625,0.12364288330078126,8.852890319824219,971.4533233642578
19664,0.03442840576171875,0.15552658081054688,8.813671875,971.4533233642578
19729,0.024399261474609375,0.10642868041992189,8.811127166748047,971.4533233642578
19797,0.062420196533203125,0.130528564453125,8.827143859863282,971.4533233642578
19863,-0.007933502197265626,0.11570938110351563,8.865613861083984,971.4533233642578
19929,0.05313949584960938,0.18456619262695315,8.845555572509767,971.4533233642578
19997,0.07813751220703126,0.27991790771484376,8.776698760986328,971.4533233642578
20064,0.04176315307617188,0.1275347900390625,8.792266387939453,971.4533233642578
20129,0.05194198608398438,0.15432907104492188,8.76906463623047,971.4533233642578
20196,0.06840774536132813,0.10253677368164063,8.807085571289063,971.4533233642578
20264,0.05194198608398438,0.12424163818359375,8.795260162353516,971.4533233642578
20329,0.028590545654296876,0.10208770751953125,8.88791748046875,971.4533233642578
20397,0.031284942626953124,0.17109420776367187,8.820258178710938,971.4533233642578
20463,-0.05912704467773438,0.17498611450195314,8.781937866210939,971.4533233642578
20529,0.03143463134765625,0.2089654541015625,8.78343475341797,971.7491149902344
20597,0.012424163818359375,0.14879058837890627,8.83477798461914,971.7491149902344
20664,0.07200027465820313,0.16795074462890625,8.85004623413086,971.7491149902344
20729,0.0640667724609375,0.11526031494140626,8.793164520263673,971.7491149902344
20797,0.047900390625000004,0.1742376708984375,8.817863159179687,971.7491149902344
20864,0.10493179321289063,0.10193801879882813,8.803642730712891,971.7491149902344
20929,0.06077362060546875,0.16705261230468751,8.88312744140625,971.7491149902344
20997,0.06421646118164062,0.15462844848632815,8.791218566894532,971.7491149902344
21063,0.09849517822265626,0.18755996704101563,8.823850708007813,971.7491149902344
21130,0.06676116943359375,0.13726455688476563,8.853638763427735,971.7491149902344
21197,0.062420196533203125,0.14564712524414064,8.792416076660157,971.7491149902344
21264,-0.007035369873046876,0.07020401000976563,8.818761291503908,971.7491149902344
21330,0.0101788330078125,0.14594650268554688,8.834029541015626,971.7491149902344
21397,-0.04580474853515625,0.11361373901367187,8.830287322998048,971.7491149902344
21464,0.0031434631347656253,0.21330642700195312,8.806935882568359,971.7491149902344
21530,0.037721557617187505,0.21630020141601564,8.76861557006836,971.7491149902344
21597,0.060174865722656255,0.22303619384765627,8.781788177490235,972.1659088134766
21664,0.027093658447265627,0.15896942138671877,8.825796661376954,972.1659088134766
21730,0.05553451538085938,0.11301498413085938,8.821904754638672,972.1659088134766
21797,0.13666580200195313,0.1407073974609375,8.800948333740235,972.1659088134766
21864,0.07095245361328126,0.08367599487304687,8.84196304321289,972.1659088134766
21930,0.06032455444335938,0.15058685302734376,8.77774658203125,972.1659088134766
21997,0.06077362060546875,0.1932481384277344,8.765621795654297,972.1659088134766
22063,0.05703140258789063,0.18875747680664062,8.774453430175782,972.1659088134766
22129,0.05763015747070313,0.21749771118164063,8.80169677734375,972.1659088134766
22197,-0.029189300537109376,0.12334350585937501,8.856782226562501,972.1659088134766
22263,-0.07080276489257813,0.12484039306640625,8.83477798461914,972.1659088134766
22329,-0.037721557617187505,0.13921051025390627,8.788524169921875,972.1659088134766
22397,0.015417938232421876,0.14055770874023438,8.717122650146484,972.1659088134766
22464,0.10702743530273438,0.20432510375976565,8.757239227294923,972.1659088134766
22530,0.0700543212890625,0.17498611450195314,8.825048217773437,972.1659088134766
22597,0.16121475219726564,0.15881973266601562,8.85483627319336,972.1659088134766
22665,0.09669891357421875,0.16974700927734376,8.852141876220703,972.7045440673828
22729,0.07274871826171875,0.10627899169921876,8.799900512695313,972.7045440673828
22799,0.060474243164062504,0.11870315551757814,8.825197906494141,972.7045440673828
22865,0.03682342529296875,0.1531315612792969,8.764124908447267,972.7045440673828
22929,-0.04565505981445313,0.10508148193359376,8.806337127685547,972.7045440673828
22998,-0.024998016357421875,0.13801300048828125,8.816665649414062,972.7045440673828
23064,0.04221221923828125,0.17438735961914065,8.825497283935547,972.7045440673828
23131,-0.039517822265625,0.08891510009765625,8.81172592163086,972.7045440673828
23198,-0.0532891845703125,0.08951385498046875,8.871751098632814,972.7045440673828
23265,0.06301895141601563,0.17468673706054688,8.905431060791017,972.7045440673828
23331,0.037721557617187505,0.2417472839355469,8.942404174804688,972.7045440673828
23397,0.0652642822265625,0.23575973510742188,8.903784484863282,972.7045440673828
23464,0.14175521850585937,0.22468276977539064,9.008865966796876,972.7045440673828
23531,0.09774673461914063,0.16031661987304688,9.183852081298829,972.7045440673828
23597,0.11705657958984375,0.13846206665039062,9.236692199707031,972.7045440673828
23663,0.0892144775390625,0.12184661865234375,9.267079010009766,972.7045440673828
23730,0.03787124633789063,0.14864089965820312,9.34102523803711,973.3605194091797
23797,0.001047821044921875,0.124541015625,9.445507965087891,973.3605194091797
23864,0.045505371093750004,0.19534378051757814,9.405541076660157,973.3605194091797
23929,0.010029144287109375,0.21465362548828126,9.601483612060548,973.3605194091797
23997,-0.0089813232421875,0.22183868408203125,9.731563110351564,973.3605194091797
24064,0.07229965209960938,0.12079879760742188,9.758058013916017,973.3605194091797
24129,0.09580078125000001,0.14100677490234376,9.676178283691407,973.3605194091797
24197,0.03622467041015625,0.07020401000976563,9.740544433593751,973.3605194091797
24263,0.032332763671875,0.12199630737304688,9.809850311279297,973.3605194091797
24329,0.08816665649414063,0.3703298950195313,9.81134719848633,973.3605194091797
24397,0.07649093627929687,0.25956024169921876,9.831704864501953,973.3605194091797
24464,-0.08008346557617188,0.08382568359375,9.88274871826172,973.3605194091797
24529,0.055085449218750006,0.09684860229492188,9.77841567993164,973.3605194091797
24597,0.023351440429687502,0.199984130859375,9.81134719848633,973.3605194091797
24664,0.07140151977539062,0.22168899536132813,9.883197784423828,973.3605194091797
24729,0.014819183349609376,0.24908203125,9.727521514892578,973.3605194091797
24797,0.17738113403320313,0.13187576293945313,9.722731475830079,974.1397094726562
24864,-0.037721557617187505,0.14594650268554688,9.867480468750001,974.1397094726562
24929,0.0028440856933593752,0.17333953857421877,9.882449340820314,974.1397094726562
24997,-0.057779846191406255,0.1381626892089844,9.817933502197267,974.1397094726562
25064,0.05643264770507813,0.18217117309570313,9.728419647216798,974.1397094726562
25129,0.1323248291015625,0.197589111328125,9.793234863281251,974.1397094726562
25197,0.04700225830078125,0.14385086059570312,9.87511459350586,974.1397094726562
25263,0.07993377685546875,0.24608825683593752,9.805060272216798,974.1397094726562
25329,0.012873229980468751,0.17678237915039063,9.735604705810548,974.1397094726562
25397,0.015867004394531252,0.1770817565917969,9.873018951416016,974.1397094726562
25464,0.001945953369140625,0.147293701171875,9.822723541259766,974.1397094726562
25529,0.09041198730468751,0.18396743774414062,9.78365478515625,974.1397094726562
25597,0.061372375488281256,0.16316070556640624,9.785151672363282,974.1397094726562
25664,0.001945953369140625,0.1922003173828125,9.79368392944336,974.1397094726562
25729,-0.07933502197265625,0.17169296264648437,9.829758911132814,974.1397094726562
25796,0.04176315307617188,0.16510665893554688,9.801767120361328,974.1397094726562
25864,0.03817062377929688,0.1531315612792969,9.846224670410157,975.0450897216797
25929,0.17259109497070313,0.09624984741210937,9.876162414550782,975.0450897216797
25997,0.07424560546875,0.21330642700195312,9.827513580322266,975.0450897216797
26064,0.013921051025390626,0.13921051025390627,9.807604980468751,975.0450897216797
26129,-0.05403762817382813,0.15837066650390627,9.789941711425781,975.0450897216797
26197,0.02125579833984375,0.25956024169921876,9.748477935791016,975.0450897216797
26264,0.08517288208007813,0.2782713317871094,9.832153930664063,975.0450897216797
26329,0.05433700561523438,0.14609619140625002,9.821675720214845,975.0450897216797
26396,0.045954437255859376,0.11810440063476563,9.8722705078125,975.0450897216797
26464,0.0401165771484375,0.140108642578125,9.797126770019531,975.0450897216797
26529,-0.05748046875,0.08786727905273438,9.77302688598633,975.0450897216797
26597,0.037721557617187505,0.10463241577148438,9.82392105102539,975.0450897216797
26664,0.04340972900390625,0.09325607299804688,9.834249572753906,975.0450897216797
26729,0.06915618896484375,0.14160552978515625,9.864486694335938,975.0450897216797
26797,0.08068222045898438,0.3058140563964844,9.787846069335938,975.0450897216797
26864,0.06571334838867188,0.2746788024902344,9.853858795166015,975.0450897216797
26929,0.076640625,0.2245330810546875,9.761351165771485,975.0450897216797
26996,-0.018860778808593753,0.09744735717773438,9.775272216796875,976.0626220703125
27064,0.023501129150390626,0.11541000366210938,9.73380844116211,976.0626220703125
27129,0.06915618896484375,0.15687377929687502,9.855804748535157,976.0626220703125
27197,0.09011260986328125,0.09175918579101563,9.878557434082031,976.0626220703125
27264,0.029189300537109376,0.25731491088867187,9.804611206054688,976.0626220703125
27329,0.015567626953125,0.1627116394042969,9.751322021484375,976.0626220703125
27397,-0.10837463378906251,0.025147705078125002,9.809850311279297,976.0626220703125
27463,0.05673202514648438,0.192799072265625,9.832303619384765,976.0626220703125
27529,0.018262023925781252,0.3597019958496094,9.7860498046875,976.0626220703125
27596,0.23935226440429688,0.31404693603515627,9.847871246337892,976.0626220703125
27663,0.039667510986328126,0.1754351806640625,9.83245330810547,976.0626220703125
27729,0.07574249267578126,0.12199630737304688,9.835746459960937,976.0626220703125
27797,-0.051492919921875005,0.019309844970703125,9.876910858154297,976.0626220703125
27864,0.10627899169921876,0.10223739624023438,9.828112335205079,976.0626220703125
27929,0.06571334838867188,0.14819183349609374,9.744136962890625,976.0626220703125
27997,0.05822891235351563,0.14385086059570312,9.83918930053711,976.0626220703125
28064,0.06361770629882812,0.2692900085449219,9.840835876464844,977.1636199951172
28129,-0.11316467285156251,0.2076182556152344,9.845176849365235,977.1636199951172
28197,0.009729766845703125,0.20911514282226565,9.757608947753907,977.1636199951172
28264,0.04460723876953125,0.17872833251953127,9.709259490966797,977.1636199951172
28329,0.14684463500976563,0.28650421142578125,9.754465484619141,977.1636199951172
28397,0.14579681396484376,0.07738906860351563,9.836345214843751,977.1636199951172
28464,-0.00239501953125,0.056133270263671875,9.921817474365234,977.1636199951172
28529,0.016316070556640624,0.15822097778320313,9.811496887207031,977.1636199951172
28596,-0.08322692871093751,0.11421249389648438,9.810299377441407,977.1636199951172
28664,0.10523117065429688,0.2942880249023438,9.737101593017579,977.1636199951172
28729,0.03397933959960937,0.2333647155761719,9.767787780761719,977.1636199951172
28797,0.07229965209960938,0.19549346923828126,9.808652801513672,977.1636199951172
28864,0.00808319091796875,0.24563919067382814,9.79083984375,977.1636199951172
28929,-0.10208770751953125,0.14115646362304687,9.754914550781251,977.1636199951172
28997,0.020207977294921877,0.108973388671875,9.806706848144533,977.1636199951172
29064,0.14819183349609374,0.23860382080078127,9.772877197265625,977.1636199951172
29129,0.18531463623046876,0.23605911254882814,9.796827392578125,978.3318328857422
29196,0.0544866943359375,0.20372634887695312,9.844727783203126,978.3318328857422
29263,0.02844085693359375,0.11645782470703125,9.796528015136719,978.3318328857422
29329,-0.12139755249023439,0.08068222045898438,9.85400848388672,978.3318328857422
29397,-0.03742218017578125,0.19145187377929687,9.809401245117188,978.3318328857422
29464,-0.0041912841796875,0.26689498901367187,9.85071533203125,978.3318328857422
29529,0.12618759155273437,0.23261627197265627,9.807305603027345,978.3318328857422
29597,-0.0059875488281250005,0.07499404907226563,9.826615447998048,978.3318328857422
29664,0.11541000366210938,0.1035845947265625,9.76015365600586,978.3318328857422
29729,0.045205993652343755,0.13561798095703126,9.815388793945313,978.3318328857422
29797,0.019309844970703125,0.2951861572265625,9.892478485107423,978.3318328857422
29863,0.0028440856933593752,0.18950592041015626,9.83290237426758,978.3318328857422
29929,0.035326538085937505,0.21106109619140626,9.815089416503907,978.3318328857422
29997,0.07229965209960938,0.21001327514648438,9.699529724121094,978.3318328857422
30063,0.010927276611328125,0.18606307983398437,9.833501129150392,978.3318328857422
30129,0.024998016357421875,0.20178039550781252,9.818681945800781,978.3318328857422
30196,0.04924758911132813,0.24863296508789065,9.789642333984375,979.5391082763672
30266,0.025596771240234375,0.10987152099609375,9.78021194458008,979.5391082763672
30329,0.028740234375,0.027093658447265627,9.815089416503907,979.5391082763672
30399,0.06032455444335938,0.07140151977539062,9.782906341552735,979.5391082763672
30465,0.09580078125000001,0.23171813964843752,9.77302688598633,979.5391082763672
30529,0.089813232421875,0.33260833740234375,9.73425750732422,979.5391082763672
30598,0.02963836669921875,0.1922003173828125,9.852212219238282,979.5391082763672
30665,0.0305364990234375,0.10373428344726562,9.823022918701172,979.5391082763672
30731,0.00748443603515625,0.11181747436523438,9.875413970947266,979.5391082763672
30798,0.10822494506835938,0.16241226196289063,9.789792022705079,979.5391082763672
30864,0.037122802734375,0.24683670043945313,9.798773345947266,979.5391082763672
30931,0.10089019775390626,0.219144287109375,9.71854019165039,979.5391082763672
30997,-0.06945556640625,0.09086105346679688,9.807455291748047,979.5391082763672
31064,0.15148498535156252,0.07933502197265625,9.885443115234375,979.5391082763672
31131,0.047151947021484376,0.13576766967773438,9.844727783203126,979.5391082763672
31197,0.0748443603515625,0.21121078491210937,9.801168365478516,979.5391082763672
31263,0.0014968872070312501,0.3448828125,9.760752410888673,980.7582092285156
31331,0.001945953369140625,0.25926086425781253,9.803862762451173,980.7582092285156
31397,-0.0473016357421875,0.12618759155273437,9.790690155029298,980.7582092285156
31463,0.033679962158203125,0.06496490478515625,9.8914306640625,980.7582092285156
31530,0.11780502319335938,0.14115646362304687,9.806706848144533,980.7582092285156
31597,0.11990066528320313,0.17049545288085938,9.786199493408203,980.7582092285156
31664,0.028141479492187503,0.24818389892578127,9.818382568359375,980.7582092285156
31729,0.1490899658203125,0.25926086425781253,9.80955093383789,980.7582092285156
31796,-0.03936813354492188,0.1484912109375,9.850865020751954,980.7582092285156
31864,0.04535568237304688,0.1273851013183594,9.783804473876954,980.7582092285156
31929,-0.06900650024414062,0.00808319091796875,9.858648834228516,980.7582092285156
31997,0.09385482788085937,0.12843292236328124,9.769883422851564,980.7582092285156
32064,0.04535568237304688,0.22064117431640626,9.84113525390625,980.7582092285156
32129,0.19384689331054689,0.2544708251953125,9.802665252685548,980.7582092285156
32197,0.02125579833984375,0.1802252197265625,9.792486419677735,980.7582092285156
32263,0.022752685546875002,0.17753082275390625,9.832752685546875,980.7582092285156
32329,0.016914825439453125,0.1585203552246094,9.848020935058594,981.9785308837891
32397,-0.0058378601074218755,0.15118560791015626,9.802964630126954,981.9785308837891
32464,0.07379653930664062,0.2483335876464844,9.75865676879883,981.9785308837891
32529,0.05044509887695313,0.21704864501953125,9.771529998779297,981.9785308837891
32597,0.04655319213867188,0.13921051025390627,9.783205718994141,981.9785308837891
32664,0.10208770751953125,0.087418212890625,9.881700897216797,981.9785308837891
32729,0.2528242492675781,0.14624588012695314,9.938881988525392,981.9785308837891
32797,-0.006586303710937501,0.10807525634765626,9.819729766845704,981.9785308837891
32863,-0.010627899169921875,0.25641677856445316,9.757010192871094,981.9785308837891
32929,-0.017962646484375,0.30731094360351563,9.72183334350586,981.9785308837891
32997,-0.09909393310546875,0.14938934326171877,9.798174591064454,981.9785308837891
33063,-0.032482452392578125,0.08726852416992188,9.758806457519531,981.9785308837891
33129,-0.052690429687500005,0.07394622802734375,9.884694671630859,981.9785308837891
33196,0.15896942138671877,0.23231689453125,9.814191284179689,981.9785308837891
33263,0.06855743408203126,0.21450393676757815,9.905501403808595,981.9785308837891
33329,0.16031661987304688,0.25896148681640624,9.677974548339844,981.9785308837891
33397,0.09505233764648438,0.1285826110839844,9.776320037841797,983.1990051269531
33463,0.2245330810546875,0.2016307067871094,9.744885406494141,983.1990051269531
33529,-0.039218444824218754,0.16555572509765626,9.85834945678711,983.1990051269531
33596,0.05822891235351563,0.13067825317382814,9.808952178955078,983.1990051269531
33663,-0.15777191162109375,0.1974394226074219,9.78021194458008,983.1990051269531
33729,-0.06062393188476563,0.21899459838867188,9.742191009521484,983.1990051269531
33797,-0.08532257080078126,0.09131011962890626,9.706116027832032,983.1990051269531
33863,0.04071533203125,0.18127304077148437,9.820178833007812,983.1990051269531
33929,0.10508148193359376,0.22767654418945313,9.829459533691407,983.1990051269531
33997,0.0987945556640625,0.2513273620605469,9.84637435913086,983.1990051269531
34063,0.0383203125,0.2197430419921875,9.73620346069336,983.1990051269531
34129,0.04176315307617188,0.22917343139648438,9.808652801513672,983.1990051269531
34197,0.06691085815429688,0.18037490844726564,9.786199493408203,983.1990051269531
34263,0.030985565185546876,0.17678237915039063,9.85161346435547,983.1990051269531
34329,0.09101074218750001,0.16615447998046876,9.834998016357423,983.1990051269531
34397,-0.03338058471679688,0.13142669677734375,9.877958679199219,983.1990051269531
34463,0.027991790771484375,0.1429527282714844,9.79847396850586,984.4198608398438
34529,0.011675720214843751,0.20267852783203125,9.708061981201173,984.4198608398438
34597,0.07978408813476563,0.24054977416992188,9.795779571533204,984.4198608398438
34663,0.10463241577148438,0.12034973144531251,9.892927551269532,984.4198608398438
34729,0.006436614990234376,0.1359173583984375,9.90624984741211,984.4198608398438
34797,0.06331832885742188,0.17528549194335938,9.771979064941407,984.4198608398438
34863,0.04999603271484375,0.15612533569335937,9.77018280029297,984.4198608398438
34929,0.00868194580078125,0.12663665771484375,9.813891906738283,984.4198608398438
34997,0.0209564208984375,0.18621276855468752,9.73859848022461,984.4198608398438
35063,0.05553451538085938,0.2655477905273438,9.812694396972656,984.4198608398438
35129,0.038020935058593754,0.2890489196777344,9.773625640869142,984.4198608398438
35197,0.052690429687500005,0.12723541259765625,9.857601013183594,984.4198608398438
35263,0.0017962646484375,0.07334747314453126,9.805509338378906,984.4198608398438
35329,0.08532257080078126,0.1095721435546875,9.790390777587891,984.4198608398438
35397,-0.005538482666015625,0.09565109252929688,9.792636108398439,984.4198608398438
35463,0.011526031494140625,0.16720230102539063,9.762398986816407,984.4198608398438
35529,0.08427474975585938,0.26794281005859377,9.76539276123047,985.6407165527344
35597,0.1550775146484375,0.2794688415527344,9.800270233154297,985.6407165527344
35663,-0.012274475097656251,0.16316070556640624,9.873917083740235,985.6407165527344
35729,-0.015567626953125,0.11720626831054688,9.817035369873047,985.6407165527344
35797,-0.025596771240234375,0.13442047119140627,9.798773345947266,985.6407165527344
35863,0.07544311523437501,0.20447479248046876,9.729168090820313,985.6407165527344
35929,0.006286926269531251,0.16181350708007813,9.743238830566407,985.6407165527344
35997,0.0724493408203125,0.18202148437500001,9.812694396972656,985.6407165527344
36063,0.020207977294921877,0.1633103942871094,9.872120819091798,985.6407165527344
36129,0.05179229736328125,0.22573059082031252,9.81853225708008,985.6407165527344
36197,-0.05583389282226563,0.13906082153320312,9.827962646484375,985.6407165527344
36263,0.10702743530273438,0.12304412841796876,9.748477935791016,985.6407165527344
36329,0.06945556640625,0.18681152343750002,9.834698638916016,985.6407165527344
36396,0.11271560668945313,0.23381378173828127,9.828860778808595,985.6407165527344
36463,0.06421646118164062,0.21959335327148438,9.832004241943359,985.6407165527344
36529,0.00718505859375,0.1932481384277344,9.794731750488282,985.6407165527344
36597,0.0047900390625,0.19923568725585938,9.784403228759766,986.8667602539062
36663,-0.011226654052734375,0.15223342895507813,9.750423889160157,986.8667602539062
36729,-0.018411712646484377,0.14519805908203126,9.862989807128907,986.8667602539062
36797,0.024698638916015626,0.15941848754882812,9.839338989257813,986.8667602539062
36863,-0.037272491455078126,0.13561798095703126,9.83918930053711,986.8667602539062
36929,0.041912841796875,0.2171983337402344,9.704319763183594,986.8667602539062
36997,0.12169692993164063,0.18097366333007814,9.847122802734376,986.8667602539062
37063,0.0868194580078125,0.23366409301757815,9.81718505859375,986.8667602539062
37129,0.12319381713867188,0.255069580078125,9.847571868896486,986.8667602539062
37197,0.11481124877929688,0.17169296264648437,9.774224395751954,986.8667602539062
37263,-0.10448272705078125,0.13995895385742188,9.893526306152344,986.8667602539062
37329,0.0056881713867187505,0.11256591796875001,9.728719024658204,986.8667602539062
37397,-0.14280303955078125,0.060174865722656255,9.839488677978515,986.8667602539062
37463,0.04924758911132813,0.2540217590332031,9.771080932617188,986.8667602539062
37529,-0.03382965087890625,0.22004241943359376,9.882449340820314,986.8667602539062
37597,0.11526031494140626,0.2656974792480469,9.689350891113282,986.8667602539062
37663,0.038020935058593754,0.12304412841796876,9.824070739746094,986.8667602539062
37729,0.04819976806640625,0.0844244384765625,9.76973373413086,988.0976867675781
37797,-0.004640350341796875,0.07738906860351563,9.852810974121095,988.0976867675781
37865,0.25342300415039065,0.2124082946777344,9.811646575927735,988.0976867675781
37929,0.10448272705078125,0.17378860473632812,9.83290237426758,988.0976867675781
37998,0.05239105224609375,0.20657043457031252,9.761650543212891,988.0976867675781
38063,-0.041912841796875,0.19669097900390625,9.846524047851563,988.0976867675781
38129,-0.022602996826171878,0.2389031982421875,9.701775054931641,988.0976867675781
38196,-0.01107696533203125,0.13501922607421876,9.844129028320314,988.0976867675781
38262,0.012573852539062501,0.17633331298828125,9.804910583496094,988.0976867675781
38331,0.09445358276367188,0.13007949829101564,9.886341247558594,988.0976867675781
38397,0.08277786254882813,0.09729766845703125,9.840237121582032,988.0976867675781
38465,-0.01916015625,0.18875747680664062,9.832303619384765,988.0976867675781
38530,0.03981719970703125,0.2267784118652344,9.756561126708984,988.0976867675781
38597,0.07858657836914062,0.19714004516601563,9.814490661621095,988.0976867675781
38663,0.09250762939453125,0.18486557006835938,9.772278442382813,988.0976867675781
38730,0.04999603271484375,0.18157241821289063,9.85550537109375,988.0976867675781
38797,0.10074050903320313,0.24219635009765625,9.837542724609376,989.3312072753906
38863,0.00209564208984375,0.1694476318359375,9.794731750488282,989.3312072753906
38930,-0.006735992431640626,0.13561798095703126,9.741143188476563,989.3312072753906
38996,-0.06601272583007813,0.16899856567382812,9.804760894775391,989.3312072753906
39063,0.026195526123046875,0.25806335449218754,9.747879180908203,989.3312072753906
39130,0.032482452392578125,0.18606307983398437,9.862840118408204,989.3312072753906
39196,-0.06152206420898438,0.130528564453125,9.8339501953125,989.3312072753906
39263,0.05987548828125,0.17378860473632812,9.78560073852539,989.3312072753906
39329,0.03682342529296875,0.13576766967773438,9.74578353881836,989.3312072753906
39396,0.08816665649414063,0.14055770874023438,9.862391052246094,989.3312072753906
39463,0.250279541015625,0.22019210815429688,9.798324279785156,989.3312072753906
39529,0.1573228454589844,0.23321502685546877,9.857301635742187,989.3312072753906
39597,0.051492919921875005,0.2137554931640625,9.766590270996094,989.3312072753906
39663,-0.02844085693359375,0.16196319580078125,9.84008743286133,989.3312072753906
39729,-0.07140151977539062,0.1824705505371094,9.737850036621094,989.3312072753906
39797,-0.067060546875,0.09684860229492188,9.828711090087891,989.3312072753906
39863,-0.028291168212890627,0.17887802124023439,9.799372100830078,990.5691528320312
39929,0.06915618896484375,0.27138565063476566,9.843679962158204,990.5691528320312
39997,0.08652008056640625,0.2484832763671875,9.776469726562501,990.5691528320312
40063,0.08637039184570312,0.188009033203125,9.8483203125,990.5691528320312
40129,0.07993377685546875,0.18965560913085938,9.783056030273437,990.5691528320312
40197,-0.014070739746093752,0.12379257202148439,9.796378326416017,990.5691528320312
40263,0.14504837036132814,0.1023870849609375,9.826166381835938,990.5691528320312
40329,0.14804214477539063,0.14879058837890627,9.859546966552735,990.5691528320312
40396,0.0209564208984375,0.26599685668945316,9.789492645263673,990.5691528320312
40463,-0.01916015625,0.2165995788574219,9.82676513671875,990.5691528320312
40529,-0.05912704467773438,0.15178436279296875,9.809101867675782,990.5691528320312
40597,-0.0209564208984375,0.21929397583007815,9.731263732910156,990.5691528320312
40663,0.053438873291015626,0.27812164306640624,9.770482177734376,990.5691528320312
40729,0.15567626953125,0.17244140625,9.804611206054688,990.5691528320312
40797,-0.009430389404296876,0.07634124755859376,9.880653076171875,990.5691528320312
40863,0.038769378662109374,0.22019210815429688,9.770332489013672,990.5691528320312
40929,-0.11945159912109375,0.1974394226074219,9.799222412109376,991.7886352539062
40996,0.039667510986328126,0.21390518188476565,9.770781555175782,991.7886352539062
41063,0.12139755249023439,0.22887405395507815,9.83110610961914,991.7886352539062
41129,0.2544708251953125,0.2944377136230469,9.835447082519531,991.7886352539062
41197,0.0077838134765625,0.07349716186523438,9.880802764892579,991.7886352539062
41263,0.04056564331054688,0.09580078125000001,9.820777587890625,991.7886352539062
41329,-0.08322692871093751,0.101788330078125,9.760453033447266,991.7886352539062
41397,-0.00389190673828125,0.15702346801757813,9.711055755615234,991.7886352539062
41463,-0.0061372375488281256,0.20372634887695312,9.78021194458008,991.7886352539062
41529,0.030985565185546876,0.229921875,9.907297668457032,991.7886352539062
41597,0.06271957397460938,0.17274078369140625,9.921967163085938,991.7886352539062
41663,0.08966354370117188,0.13741424560546875,9.832004241943359,991.7886352539062
41729,0.08113128662109376,0.1490899658203125,9.746981048583985,991.7886352539062
41796,0.19609222412109376,0.13636642456054687,9.746681671142579,991.7886352539062
41863,0.12409194946289064,0.16839981079101562,9.81,991.7886352539062
41929,0.017513580322265625,0.2293231201171875,9.796528015136719,991.7886352539062
41997,0.03787124633789063,0.3345542907714844,9.857002258300781,993.0198669433594
42063,-0.07798782348632813,0.16196319580078125,9.819131011962892,993.0198669433594
42129,-0.08232879638671875,0.13187576293945313,9.841434631347656,993.0198669433594
42197,-0.09520202636718751,0.10582992553710938,9.700727233886719,993.0198669433594
42263,0.02664459228515625,0.15672409057617187,9.796827392578125,993.0198669433594
42329,0.11840377807617188,0.13037887573242188,9.798174591064454,993.0198669433594
42397,0.10433303833007813,0.1790277099609375,9.904453582763672,993.0198669433594
42463,0.154478759765625,0.17438735961914065,9.736951904296875,993.0198669433594
42529,0.02963836669921875,0.20013381958007814,9.89098159790039,993.0198669433594
42597,0.07873626708984376,0.2836601257324219,9.676178283691407,993.0198669433594
42663,-0.00449066162109375,0.20148101806640625,9.843679962158204,993.0198669433594
42729,0.14864089965820312,0.26075775146484376,9.742789764404298,993.0198669433594
42797,-0.07020401000976563,0.035176849365234374,9.919272766113282,993.0198669433594
42863,-0.030087432861328128,0.07214996337890625,9.797725524902344,993.0198669433594
42929,-0.02724334716796875,0.14190490722656252,9.883646850585938,993.0198669433594
42997,0.08906478881835939,0.30491592407226564,9.681417388916016,993.0198669433594
43063,0.09131011962890626,0.25102798461914066,9.806557159423829,994.2552947998047
43129,0.07274871826171875,0.1299298095703125,9.805808715820312,994.2552947998047
43197,-0.034877471923828125,0.08232879638671875,9.949958953857422,994.2552947998047
43263,0.037272491455078126,0.14385086059570312,9.781858520507813,994.2552947998047
43329,0.013471984863281251,0.07933502197265625,9.84876937866211,994.2552947998047
43397,0.07469467163085938,0.1993853759765625,9.694889373779297,994.2552947998047
43462,0.10328521728515626,0.23037094116210938,9.815388793945313,994.2552947998047
43529,0.029788055419921876,0.26689498901367187,9.770631866455078,994.2552947998047
43596,0.05014572143554688,0.26375152587890627,9.794432373046876,994.2552947998047
43663,0.038769378662109374,0.1484912109375,9.876312103271484,994.2552947998047
43729,-0.06346801757812501,0.08158035278320312,9.857451324462891,994.2552947998047
43797,-0.00239501953125,0.0892144775390625,9.789193267822267,994.2552947998047
43863,-0.062420196533203125,0.09804611206054688,9.756561126708984,994.2552947998047
43929,0.02484832763671875,0.20597167968750002,9.72183334350586,994.2552947998047
43997,0.04939727783203125,0.14280303955078125,9.841883697509767,994.2552947998047
44063,0.09265731811523438,0.20492385864257814,9.850266265869141,994.2552947998047
44129,0.0185614013671875,0.24504043579101564,9.81673599243164,995.4942321777344
44196,0.03981719970703125,0.2555186462402344,9.807455291748047,995.4942321777344
44263,0.047601013183593756,0.17962646484375,9.718689880371095,995.4942321777344
44329,0.07110214233398438,0.1383123779296875,9.797126770019531,995.4942321777344
44397,0.11151809692382814,0.1886077880859375,9.796228637695313,995.4942321777344
44463,0.00389190673828125,0.12888198852539062,9.89232879638672,995.4942321777344
44529,0.06930587768554688,0.087418212890625,9.830657043457032,995.4942321777344
44597,0.0056881713867187505,0.15837066650390627,9.785451049804688,995.4942321777344
44663,0.030985565185546876,0.21585113525390626,9.710457000732422,995.4942321777344
44729,0.05059478759765625,0.15881973266601562,9.792935485839845,995.4942321777344
44796,0.008532257080078126,0.12888198852539062,9.838440856933595,995.4942321777344
44863,-0.012723541259765625,0.15178436279296875,9.851314086914064,995.4942321777344
44929,-0.009131011962890626,0.19429595947265627,9.836345214843751,995.4942321777344
44997,-0.04026626586914063,0.20597167968750002,9.799372100830078,995.4942321777344
45063,0.04101470947265625,0.27333160400390627,9.782307586669923,995.4942321777344
45129,0.10807525634765626,0.2721340942382813,9.742789764404298,995.4942321777344
45197,0.16360977172851562,0.17109420776367187,9.7573095703125,996.7316436767578
45263,0.027991790771484375,0.09190887451171875,9.809101867675782,996.7316436767578
45329,0.07200027465820313,0.18112335205078126,9.847871246337892,996.7316436767578
45397,-0.026494903564453127,0.12289443969726563,9.83918930053711,996.7316436767578
45466,0.10163864135742189,0.12439132690429688,9.856104125976563,996.7316436767578
45529,0.06735992431640625,0.22752685546875,9.754166107177735,996.7316436767578
45598,0.011825408935546875,0.2525248718261719,9.754914550781251,996.7316436767578
45664,-0.012124786376953125,0.26854156494140624,9.739945678710939,996.7316436767578
45729,-0.05837860107421875,0.15717315673828125,9.820328521728516,996.7316436767578
45797,0.04296066284179688,0.1191522216796875,9.774673461914062,996.7316436767578
45865,0.0061372375488281256,0.14938934326171877,9.823322296142578,996.7316436767578
45931,-0.024998016357421875,0.1526824951171875,9.88559280395508,996.7316436767578
45997,0.06810836791992188,0.16630416870117187,9.821825408935547,996.7316436767578
46064,0.12199630737304688,0.1782792663574219,9.766440582275392,996.7316436767578
46130,0.1333726501464844,0.18995498657226564,9.746232604980468,996.7316436767578
46197,0.036524047851562505,0.17333953857421877,9.878557434082031,996.7316436767578
46263,0.14864089965820312,0.23306533813476563,9.79173797607422,997.9869079589844
46330,0.026195526123046875,0.2076182556152344,9.897567901611328,997.9869079589844
46396,-0.04266128540039063,0.15941848754882812,9.82002914428711,997.9869079589844
46463,-0.05643264770507813,0.09101074218750001,9.817334747314453,997.9869079589844
46529,0.007933502197265626,0.2070195007324219,9.731712799072266,997.9869079589844
46596,-0.03861968994140625,0.12259506225585938,9.866282958984376,997.9869079589844
46664,0.021704864501953126,0.13576766967773438,9.7668896484375,997.9869079589844
46729,0.10163864135742189,0.28755203247070316,9.820627899169923,997.9869079589844
46798,0.16001724243164064,0.3308120727539063,9.77302688598633,997.9869079589844
46863,-0.0061372375488281256,0.12005035400390626,9.798623657226562,997.9869079589844
46929,0.1023870849609375,0.18127304077148437,9.775272216796875,997.9869079589844
46997,0.06152206420898438,0.09924362182617188,9.805509338378906,997.9869079589844
47063,0.038470001220703126,0.20028350830078126,9.881102142333985,997.9869079589844
47129,-0.03697311401367188,0.20642074584960937,9.757459259033203,997.9869079589844
47196,-0.012873229980468751,0.15822097778320313,9.859546966552735,997.9869079589844
47263,0.07035369873046875,0.17468673706054688,9.71854019165039,997.9869079589844
47329,0.02155517578125,0.12304412841796876,9.877210235595703,999.2362213134766
47396,0.08337661743164063,0.39128631591796875,9.708211669921875,999.2362213134766
47463,0.08966354370117188,0.35670822143554687,9.77736785888672,999.2362213134766
47529,0.07110214233398438,0.20926483154296877,9.728419647216798,999.2362213134766
47597,-0.000449066162109375,0.04954696655273438,9.862989807128907,999.2362213134766
47663,0.08936416625976563,0.08951385498046875,9.85984634399414,999.2362213134766
47729,0.060923309326171876,0.15597564697265626,9.818382568359375,999.2362213134766
47796,-0.012723541259765625,0.20013381958007814,9.722432098388673,999.2362213134766
47863,-0.04086502075195313,0.1423539733886719,9.723330230712891,999.2362213134766
47929,-0.042810974121093755,0.20013381958007814,9.804012451171875,999.2362213134766
47996,-0.0053887939453125,0.15642471313476564,9.823771362304688,999.2362213134766
48063,0.04580474853515625,0.14459930419921876,9.895621948242187,999.2362213134766
48129,0.058528289794921876,0.27812164306640624,9.757459259033203,999.2362213134766
48196,0.154478759765625,0.26075775146484376,9.790690155029298,999.2362213134766
48263,0.10612930297851562,0.20866607666015627,9.78560073852539,999.2362213134766
48329,0.00808319091796875,0.07993377685546875,9.877060546875,999.2362213134766
48397,0.05912704467773438,0.18052459716796876,9.761800231933595,1000.4715728759766
48463,0.10568023681640626,0.14699432373046875,9.895921325683593,1000.4715728759766
48529,0.03338058471679688,0.1423539733886719,9.777816925048828,1000.4715728759766
48596,0.03457809448242188,0.22483245849609376,9.774972839355469,1000.4715728759766
48663,0.0,0.20597167968750002,9.826615447998048,1000.4715728759766
48729,-0.0197589111328125,0.1383123779296875,9.813293151855468,1000.4715728759766
48796,0.02365081787109375,0.18576370239257814,9.895621948242187,1000.4715728759766
48863,-0.0101788330078125,0.11735595703125,9.790390777587891,1000.4715728759766
48929,-0.026794281005859375,0.17453704833984376,9.803563385009767,1000.4715728759766
48996,0.043858795166015624,0.13322296142578124,9.806706848144533,1000.4715728759766
49063,0.0718505859375,0.168848876953125,9.886940002441406,1000.4715728759766
49129,0.018860778808593753,0.20178039550781252,9.75581268310547,1000.4715728759766
49196,0.045954437255859376,0.11391311645507814,9.811945953369142,1000.4715728759766
49263,0.10044113159179688,0.23575973510742188,9.784702606201172,1000.4715728759766
49329,0.09190887451171875,0.2902464294433594,9.85266128540039,1000.4715728759766
49396,0.06586303710937501,0.2375559997558594,9.799521789550782,1000.4715728759766
49463,0.0556842041015625,0.16600479125976564,9.858499145507812,1000.4715728759766
49529,-0.020507354736328125,0.09654922485351564,9.741741943359376,1001.7018127441406
49596,0.03143463134765625,0.09430389404296875,9.732012176513672,1001.7018127441406
49663,-0.005239105224609375,0.07514373779296875,9.836494903564454,1001.7018127441406
49729,-0.002245330810546875,0.17318984985351563,9.80850311279297,1001.7018127441406
49796,-0.00269439697265625,0.1926493835449219,9.87122268676758,1001.7018127441406
49863,0.06855743408203126,0.29219238281250004,9.75581268310547,1001.7018127441406
49929,0.06541397094726563,0.22528152465820314,9.773925018310548,1001.7018127441406
49996,0.04206253051757813,0.29069549560546876,9.747579803466797,1001.7018127441406
50063,0.03308120727539063,0.173638916015625,9.800719299316407,1001.7018127441406
50129,0.08547225952148438,0.05763015747070313,9.938732299804688,1001.7018127441406
50196,0.12948074340820312,0.10672805786132813,9.804461517333985,1001.7018127441406
50263,0.015417938232421876,0.16420852661132812,9.83918930053711,1001.7018127441406
50329,0.041912841796875,0.23141876220703125,9.813742218017579,1001.7018127441406
50396,0.0425115966796875,0.1818717956542969,9.797126770019531,1001.7018127441406
50463,-0.054636383056640626,0.26270370483398436,9.771080932617188,1001.7018127441406
50529,-0.012723541259765625,0.24219635009765625,9.7956298828125,1001.7018127441406
50596,-0.07319778442382813,0.1490899658203125,9.827663269042969,1002.9385375976562
50663,-0.02544708251953125,0.1279838562011719,9.795330505371094,1002.9385375976562
50729,0.013471984863281251,0.1802252197265625,9.807604980468751,1002.9385375976562
50796,0.07708969116210938,0.17378860473632812,9.79892303466797,1002.9385375976562
50863,0.11241622924804688,0.14579681396484376,9.888885955810547,1002.9385375976562
50929,0.25237518310546875,0.22303619384765627,10.019414520263672,1002.9385375976562
50996,0.08053253173828126,0.13801300048828125,10.116263122558594,1002.9385375976562
51063,0.011975097656250001,0.1431024169921875,10.15099090576172,1002.9385375976562
51129,-0.04939727783203125,0.1633103942871094,10.286309509277345,1002.9385375976562
51196,-0.039966888427734375,0.2674937438964844,10.386451263427736,1002.9385375976562
51263,0.008382568359375,0.2746788024902344,10.463391265869141,1002.9385375976562
51329,-0.009430389404296876,0.2130070495605469,10.48105453491211,1002.9385375976562
51396,0.02484832763671875,0.17992584228515626,10.51982391357422,1002.9385375976562
51463,-0.06421646118164062,0.022004241943359377,10.707533569335938,1002.9385375976562
51529,0.04805007934570313,0.09355545043945312,10.747650146484375,1002.9385375976562
51596,0.10328521728515626,0.17139358520507814,10.696456604003906,1002.9385375976562
51663,0.11047027587890626,0.18471588134765626,10.898835754394533,1004.1775512695312
51729,0.10597961425781251,0.23261627197265627,10.776839447021485,1004.1775512695312
51797,0.08083190917968751,0.2633024597167969,10.717413024902344,1004.1775512695312
51863,0.046702880859375004,0.20806732177734377,10.748548278808594,1004.1775512695312
51929,0.0473016357421875,0.16076568603515626,10.778186645507812,1004.1775512695312
51996,0.060923309326171876,0.2293231201171875,10.600057067871095,1004.1775512695312
52063,0.010777587890625,0.16630416870117187,10.685679016113282,1004.1775512695312
52129,-0.045056304931640624,0.12319381713867188,10.783425750732423,1004.1775512695312
52196,-0.05284011840820313,0.18217117309570313,10.599907379150391,1004.1775512695312
52263,0.058977355957031255,0.2417472839355469,10.670410766601563,1004.1775512695312
52329,0.07214996337890625,0.21121078491210937,10.636431427001954,1004.1775512695312
52396,0.11825408935546876,0.22722747802734375,10.776689758300781,1004.1775512695312
52463,0.17753082275390625,0.17887802124023439,10.828482055664063,1004.1775512695312
52529,-0.02365081787109375,0.14624588012695314,10.736273803710938,1004.1775512695312
52596,-0.00209564208984375,0.21076171875000002,10.66113006591797,1004.1775512695312
52663,-0.045954437255859376,0.2082170104980469,10.678044891357423,1004.1775512695312
52729,0.06855743408203126,0.26375152587890627,10.621462554931641,1005.4185485839844
52796,0.10912307739257814,0.2559677124023438,10.683283996582032,1005.4185485839844
52863,0.06631210327148437,0.17139358520507814,10.674602050781251,1005.4185485839844
52929,0.026943969726562503,0.22243743896484375,10.745853881835938,1005.4185485839844
52997,0.011675720214843751,0.12588821411132814,10.741512908935547,1005.4185485839844
53063,0.05403762817382813,0.1047821044921875,10.667566680908203,1005.4185485839844
53129,0.05239105224609375,0.14220428466796875,10.76411590576172,1005.4185485839844
53197,0.06197113037109375,0.2149530029296875,10.70139633178711,1005.4185485839844
53263,0.17064514160156252,0.22438339233398438,10.687475280761719,1005.4185485839844
53329,0.033679962158203125,0.1669029235839844,10.76216995239258,1005.4185485839844
53397,0.010627899169921875,0.21525238037109376,10.704090728759766,1005.4185485839844
53463,0.054636383056640626,0.21420455932617188,10.685379638671876,1005.4185485839844
53529,-0.07349716186523438,0.12888198852539062,10.6961572265625,1005.4185485839844
53596,0.041613464355468754,0.17259109497070313,10.789263610839845,1005.4185485839844
53663,-0.06975494384765625,0.17483642578125,10.778336334228516,1005.4185485839844
53729,0.10283615112304688,0.326920166015625,10.759176177978516,1005.4185485839844
53796,0.00449066162109375,0.22004241943359376,10.75214080810547,1006.6706848144531
53863,-0.027692413330078127,0.24638763427734375,10.683882751464845,1006.6706848144531
53929,-0.013322296142578125,0.14385086059570312,10.730136566162109,1006.6706848144531
53996,0.0383203125,0.2544708251953125,10.649154968261719,1006.6706848144531
54063,0.032482452392578125,0.21091140747070314,10.82399139404297,1006.6706848144531
54129,0.08397537231445312,0.1682501220703125,10.776989135742188,1006.6706848144531
54195,0.07993377685546875,0.2041754150390625,10.806926879882813,1006.6706848144531
54263,0.09729766845703125,0.21869522094726562,10.62670166015625,1006.6706848144531
54329,0.0383203125,0.13606704711914064,10.643317108154298,1006.6706848144531
54396,-0.015118560791015626,0.17738113403320313,10.727142791748047,1006.6706848144531
54463,0.052989807128906254,0.2525248718261719,10.770253143310548,1006.6706848144531
54529,-0.044756927490234376,0.17438735961914065,10.781030731201172,1006.6706848144531
54596,-0.06032455444335938,0.1335223388671875,10.73058563232422,1006.6706848144531
54663,-0.019010467529296877,0.29847930908203124,10.710227966308594,1006.6706848144531
54729,0.0718505859375,0.25312362670898436,10.703641662597656,1006.6706848144531
54796,0.07349716186523438,0.19294876098632813,10.717263336181642,1006.6706848144531
54863,0.0017962646484375,0.14534774780273438,10.713670806884766,1007.9104614257812
54929,0.048648834228515625,0.1423539733886719,10.721155242919922,1007.9104614257812
54996,0.08936416625976563,0.10882369995117189,10.800490264892579,1007.9104614257812
55063,0.0520916748046875,0.25926086425781253,10.774444427490234,1007.9104614257812
55129,0.11106903076171876,0.23800506591796877,10.717413024902344,1007.9104614257812
55196,-0.02305206298828125,0.21809646606445313,10.73732162475586,1007.9104614257812
55263,0.06586303710937501,0.23111938476562502,10.691516876220703,1007.9104614257812
55329,-0.046403503417968756,0.14938934326171877,10.736273803710938,1007.9104614257812
55396,0.060923309326171876,0.16795074462890625,10.667566680908203,1007.9104614257812
55463,0.03457809448242188,0.1826202392578125,10.714269561767578,1007.9104614257812
55529,0.0101788330078125,0.24908203125,10.638527069091797,1007.9104614257812
55596,-0.011226654052734375,0.21151016235351563,10.749147033691408,1007.9104614257812
55663,0.07304809570312501,0.22827529907226562,10.700647888183594,1007.9104614257812
55729,0.04834945678710938,0.16136444091796875,10.79480209350586,1007.9104614257812
55796,0.05553451538085938,0.20013381958007814,10.772498474121095,1007.9104614257812
55862,-0.007035369873046876,0.2183958435058594,10.649005279541017,1007.9104614257812
55929,0.02903961181640625,0.14474899291992188,10.829978942871094,1009.0923309326172
55996,0.043858795166015624,0.1922003173828125,10.679691467285156,1009.0923309326172
56063,-0.04685256958007813,-0.009131011962890626,10.749147033691408,1009.0923309326172
56129,0.016615447998046876,0.13097763061523438,10.747051391601563,1009.0923309326172
56196,0.025147705078125002,0.43304946899414065,10.673105163574219,1009.0923309326172
56263,-0.06361770629882812,0.23995101928710938,10.74450668334961,1009.0923309326172
56329,0.06990463256835938,0.1878593444824219,10.79091018676758,1009.0923309326172
56396,0.03547622680664063,0.09295669555664063,10.674901428222658,1009.0923309326172
56463,0.09340576171875001,0.16360977172851562,10.665321350097656,1009.0923309326172
56529,-0.02125579833984375,0.1730401611328125,10.75169174194336,1009.0923309326172
56596,0.05957611083984375,0.23067031860351564,10.769654388427735,1009.0923309326172
56663,0.07499404907226563,0.2591111755371094,10.712024230957033,1009.0923309326172
56729,0.05718109130859375,0.24578887939453126,10.67071014404297,1009.0923309326172
56796,0.05044509887695313,0.18815872192382813,10.680589599609375,1009.0923309326172
56863,0.03562591552734375,0.26884094238281253,10.681338043212891,1009.0923309326172
56929,0.06152206420898438,0.20058288574218752,10.709329833984375,1009.0923309326172
56996,-0.041912841796875,0.036074981689453126,10.704390106201172,1010.1972198486328
57063,0.07469467163085938,0.2028282165527344,10.707533569335938,1010.1972198486328
57129,-0.01107696533203125,0.30132339477539066,10.638976135253907,1010.1972198486328
57196,-0.022004241943359377,0.11660751342773439,10.708880767822267,1010.1972198486328
57263,0.008831634521484376,0.20746856689453125,10.69226531982422,1010.1972198486328
57329,0.06810836791992188,0.2520758056640625,10.709180145263673,1010.1972198486328
57396,-0.026345214843750003,0.15627502441406252,10.862760772705078,1010.1972198486328
57463,0.04879852294921875,0.23980133056640626,10.833421783447266,1010.1972198486328
57529,0.03427871704101563,0.11032058715820313,10.748398590087891,1010.1972198486328
57596,0.0209564208984375,0.10582992553710938,10.679242401123048,1010.1972198486328
57663,0.0007484436035156251,0.23800506591796877,10.640622711181642,1010.1972198486328
57729,0.023201751708984378,0.29338989257812503,10.70768325805664,1010.1972198486328
57796,0.08846603393554688,0.2567161560058594,10.687475280761719,1010.1972198486328
57863,-0.016914825439453125,0.25297393798828127,10.666668548583985,1010.1972198486328
57929,0.06601272583007813,0.21480331420898438,10.752290496826172,1010.1972198486328
57996,0.0736468505859375,0.19788848876953127,10.735824737548828,1010.1972198486328
58063,-0.012424163818359375,0.09535171508789063,10.758577423095703,1011.2075042724609
58129,-0.025147705078125002,0.11301498413085938,10.77474380493164,1011.2075042724609
58196,0.02724334716796875,0.1694476318359375,10.776091003417969,1011.2075042724609
58263,-0.024698638916015626,0.16016693115234376,10.769205322265625,1011.2075042724609
58329,-0.06825805664062501,0.19010467529296876,10.662926330566407,1011.2075042724609
58396,0.08756790161132813,0.24084915161132814,10.702444152832031,1011.2075042724609
58463,0.11361373901367187,0.2770738220214844,10.643766174316406,1011.2075042724609
58529,-0.0007484436035156251,0.1830693054199219,10.727292480468751,1011.2075042724609
58596,0.022303619384765626,0.17573455810546876,10.72534652709961,1011.2075042724609
58663,-0.010328521728515625,0.1197509765625,10.671308898925782,1011.2075042724609
58729,-0.001197509765625,0.1149609375,10.706036682128907,1011.2075042724609
58796,0.04176315307617188,0.1676513671875,10.670560455322267,1011.2075042724609
58863,0.03592529296875,0.2149530029296875,10.77519287109375,1011.2075042724609
58929,0.04775070190429688,0.19055374145507814,10.837164001464844,1011.2075042724609
58996,0.03592529296875,0.20103195190429687,10.749147033691408,1011.2075042724609
59063,0.001945953369140625,0.137713623046875,10.69810317993164,1011.2075042724609
59129,-0.03592529296875,0.04655319213867188,10.806477813720704,1012.0967102050781
59196,0.0508941650390625,0.12439132690429688,10.722801818847657,1012.0967102050781
59262,-0.028141479492187503,0.1490899658203125,10.699899444580078,1012.0967102050781
59329,0.06436614990234375,0.22079086303710938,10.720107421875001,1012.0967102050781
59396,0.05748046875,0.2751278686523438,10.676697692871095,1012.0967102050781
59463,0.02903961181640625,0.24638763427734375,10.711575164794922,1012.0967102050781
59529,0.044307861328125,0.20043319702148438,10.765912170410157,1012.0967102050781
59596,0.020507354736328125,0.14564712524414064,10.566526794433594,1012.0967102050781
59663,0.02963836669921875,0.142503662109375,10.637479248046876,1012.0967102050781
59729,0.06511459350585938,0.22543121337890626,10.777887268066406,1012.0967102050781
59796,0.04071533203125,0.24533981323242188,10.794053649902345,1012.0967102050781
59863,0.030237121582031252,0.1884580993652344,10.800789642333985,1012.0967102050781
59929,0.0844244384765625,0.2389031982421875,10.730286254882813,1012.0967102050781
59996,0.02844085693359375,0.05957611083984375,10.774594116210938,1012.0967102050781
60063,-0.04939727783203125,0.13457015991210938,10.663824462890625,1012.0967102050781
60129,0.012424163818359375,0.16316070556640624,10.701096954345704,1012.0967102050781
60196,0.12469070434570313,0.3065625,10.757828979492189,1012.0967102050781
60263,0.0496966552734375,0.24025039672851564,10.735076293945314,1012.8569793701172
60329,-0.04086502075195313,0.1824705505371094,10.683433685302735,1012.8569793701172
60397,-0.04460723876953125,0.1215472412109375,10.745853881835938,1012.8569793701172
60463,0.06002517700195313,0.13142669677734375,10.697205047607422,1012.8569793701172
60529,0.00987945556640625,0.26075775146484376,10.651400299072266,1012.8569793701172
60596,0.09535171508789063,0.22408401489257815,10.765313415527345,1012.8569793701172
60663,0.06571334838867188,0.18052459716796876,10.705587615966797,1012.8569793701172
60729,-0.010029144287109375,0.20672012329101563,10.735076293945314,1012.8569793701172
60796,-0.0143701171875,0.07634124755859376,10.769205322265625,1012.8569793701172
60863,0.02125579833984375,0.15283218383789063,10.778336334228516,1012.8569793701172
60929,0.040415954589843754,0.24010070800781252,10.770702209472656,1012.8569793701172
60996,-0.05194198608398438,0.12169692993164063,10.841654663085938,1012.8569793701172
61063,0.024099884033203126,0.1782792663574219,10.748548278808594,1012.8569793701172
61129,0.036374359130859374,0.16480728149414064,10.649154968261719,1012.8569793701172
61196,0.02844085693359375,0.18007553100585938,10.763517150878906,1012.8569793701172
61262,0.10553054809570313,0.26435028076171874,10.738070068359375,1012.8569793701172
61329,0.024998016357421875,0.18770965576171875,10.708431701660157,1013.4916687011719
61396,-0.00808319091796875,0.2171983337402344,10.685229949951172,1013.4916687011719
61462,0.0305364990234375,0.10762619018554688,10.766959991455078,1013.4916687011719
61529,0.042810974121093755,0.21809646606445313,10.711425476074218,1013.4916687011719
61596,-0.0209564208984375,0.20522323608398438,10.718011779785156,1013.4916687011719
61662,0.08726852416992188,0.20851638793945312,10.729388122558595,1013.4916687011719
61729,0.00868194580078125,0.17034576416015626,10.741961975097658,1013.4916687011719
61796,-0.0101788330078125,0.19474502563476564,10.703641662597656,1013.4916687011719
61862,0.0592767333984375,0.15298187255859375,10.755134582519531,1013.4916687011719
61929,0.03622467041015625,0.19145187377929687,10.680589599609375,1013.4916687011719
61996,0.022004241943359377,0.14923965454101562,10.687774658203125,1013.4916687011719
62062,0.02185455322265625,0.15522720336914064,10.557096405029297,1013.4916687011719
62129,0.051492919921875005,0.1502874755859375,10.502759399414064,1013.4916687011719
62196,-0.0028440856933593752,0.11451187133789063,10.322384490966797,1013.4916687011719
62262,0.05194198608398438,0.15492782592773438,10.204130401611328,1013.4916687011719
62329,-0.022303619384765626,0.14654525756835937,10.110874328613281,1013.4916687011719
62396,0.08607101440429688,0.18351837158203127,10.009834442138672,1014.0052795410156
62462,-0.012873229980468751,0.16645385742187502,9.901609497070313,1014.0052795410156
62529,0.016615447998046876,0.19025436401367188,9.811945953369142,1014.0052795410156
62596,0.030835876464843752,0.1627116394042969,9.780960388183594,1014.0052795410156
62662,0.056133270263671875,0.19354751586914062,9.742640075683594,1014.0052795410156
62729,0.021106109619140626,0.16600479125976564,9.773176574707032,1014.0052795410156
62796,0.06960525512695313,0.19100280761718752,9.773775329589844,1014.0052795410156
62862,0.053438873291015626,0.16735198974609375,9.740544433593751,1014.0052795410156
62929,0.07843688964843751,0.20537292480468752,9.641001434326173,1014.0052795410156
62996,0.039966888427734375,0.16720230102539063,9.741292877197266,1014.0052795410156
63062,0.024099884033203126,0.2029779052734375,9.771529998779297,1014.0052795410156
63129,0.058677978515625,0.17738113403320313,9.883946228027344,1014.0052795410156
63196,0.018262023925781252,0.15432907104492188,9.896071014404297,1014.0052795410156
63262,0.07110214233398438,0.17199234008789063,9.897717590332032,1014.0052795410156
63329,0.010627899169921875,0.13666580200195313,9.907896423339844,1014.0052795410156
63396,0.027692413330078127,0.16585510253906252,9.831255798339845,1014.0052795410156
63463,0.001347198486328125,0.12528945922851564,9.872420196533204,1014.38720703125
63529,0.055085449218750006,0.1850152587890625,9.822124786376953,1014.38720703125
63596,-0.0161663818359375,0.13397140502929689,9.81673599243164,1014.38720703125
63663,0.054187316894531254,0.17947677612304688,9.801916809082032,1014.38720703125
63729,0.016914825439453125,0.1550775146484375,9.800719299316407,1014.38720703125
63796,0.03113525390625,0.16570541381835938,9.780661010742188,1014.38720703125
63863,0.01466949462890625,0.15358062744140627,9.804311828613281,1014.38720703125
63929,0.036524047851562505,0.1826202392578125,9.865684204101562,1014.38720703125
63996,0.013172607421875001,0.17079483032226564,9.949659576416016,1014.38720703125
64063,0.016465759277343752,0.1790277099609375,10.0255517578125,1014.38720703125
64129,0.0532891845703125,0.1874102783203125,9.981692962646484,1014.38720703125
64196,0.03113525390625,0.16435821533203127,9.912836151123047,1014.38720703125
64263,0.06960525512695313,0.15417938232421877,9.819729766845704,1014.38720703125
64329,0.011376342773437501,0.1634600830078125,9.772128753662109,1014.38720703125
64396,0.06331832885742188,0.17738113403320313,9.742191009521484,1014.38720703125
64463,0.00987945556640625,0.17019607543945314,9.752818908691406,1014.38720703125
64529,0.06062393188476563,0.17678237915039063,9.661658477783204,1014.6419525146484
64596,0.03143463134765625,0.13157638549804687,9.685458984375,1014.6419525146484
64662,0.04834945678710938,0.1598675537109375,9.749974822998047,1014.6419525146484
64729,0.039966888427734375,0.15702346801757813,9.878258056640625,1014.6419525146484
64796,0.0032931518554687503,0.17887802124023439,9.860445098876953,1014.6419525146484
64863,-0.003742218017578125,0.1622625732421875,9.919272766113282,1014.6419525146484
64929,0.040415954589843754,0.164058837890625,9.895771636962891,1014.6419525146484
64995,0.058528289794921876,0.15193405151367187,9.86224136352539,1014.6419525146484
65063,0.039966888427734375,0.13606704711914064,9.835746459960937,1014.6419525146484
65129,0.057330780029296875,0.1728904724121094,9.801168365478516,1014.6419525146484
65196,0.027692413330078127,0.17753082275390625,9.754315795898439,1014.6419525146484
65263,0.054935760498046875,0.17483642578125,9.70551727294922,1014.6419525146484
65329,-0.011376342773437501,0.15013778686523438,9.748477935791016,1014.6419525146484
65396,0.06361770629882812,0.1477427673339844,9.76539276123047,1014.6419525146484
65463,0.02005828857421875,0.149688720703125,9.775721282958985,1014.6419525146484
65529,0.05433700561523438,0.1980381774902344,9.834998016357423,1014.6419525146484
65595,0.015867004394531252,0.1676513671875,9.906100158691407,1014.7972869873047
65663,0.0652642822265625,0.18770965576171875,9.880653076171875,1014.7972869873047
65729,0.02365081787109375,0.1586700439453125,9.86792953491211,1014.7972869873047
65796,0.05313949584960938,0.15118560791015626,9.845625915527345,1014.7972869873047
65863,0.0484991455078125,0.14923965454101562,9.813293151855468,1014.7972869873047
65929,0.0221539306640625,0.17109420776367187,9.768386535644531,1014.7972869873047
65996,0.028889923095703127,0.1646575927734375,9.751322021484375,1014.7972869873047
66063,0.024698638916015626,0.13861175537109377,9.710157623291016,1014.7972869873047
66129,0.07095245361328126,0.14983840942382814,9.746382293701172,1014.7972869873047
66196,-0.021704864501953126,0.130528564453125,9.75147171020508,1014.7972869873047
66263,0.041613464355468754,0.1872605895996094,9.748777313232422,1014.7972869873047
66329,-0.011825408935546875,0.18995498657226564,9.837842102050782,1014.7972869873047
66396,0.08786727905273438,0.22752685546875,9.842781829833985,1014.7972869873047
66463,-0.00808319091796875,0.124541015625,9.916728057861329,1014.7972869873047
66529,0.09056167602539063,0.15343093872070312,9.842482452392579,1014.7972869873047
66596,0.0197589111328125,0.13936019897460938,9.851912841796876,1014.7972869873047
66663,0.10568023681640626,0.20642074584960937,9.78649887084961,1014.876708984375
66729,-0.030686187744140628,0.17528549194335938,9.802066497802734,1014.876708984375
66796,0.05014572143554688,0.19893630981445312,9.735904083251954,1014.876708984375
66863,0.033679962158203125,0.17004638671875,9.774374084472656,1014.876708984375
66929,0.06960525512695313,0.16121475219726564,9.783056030273437,1014.876708984375
66996,0.0473016357421875,0.1197509765625,9.795330505371094,1014.876708984375
67063,0.08128097534179687,0.16375946044921877,9.825867004394532,1014.876708984375
67129,0.04056564331054688,0.16016693115234376,9.874066772460939,1014.876708984375
67196,0.014519805908203126,0.14998809814453126,9.855655059814454,1014.876708984375
